Validation_Set,Topics,Alpha,Beta,Coherence
100% Corpus,5,0.01,0.01,-4.939511729462559
100% Corpus,5,0.01,0.31,-4.909405731838401
100% Corpus,5,0.01,0.61,-4.943649140205882
100% Corpus,5,0.01,0.9099999999999999,-4.843265662476189
100% Corpus,5,0.01,symmetric,-4.922351383086829
100% Corpus,5,0.31,0.01,-4.895506485482327
100% Corpus,5,0.31,0.31,-4.78034632316537
100% Corpus,5,0.31,0.61,-4.738976504920063
100% Corpus,5,0.31,0.9099999999999999,-4.846467062167998
100% Corpus,5,0.31,symmetric,-4.760398009873046
100% Corpus,5,0.61,0.01,-4.741971088074771
100% Corpus,5,0.61,0.31,-4.923395285150663
100% Corpus,5,0.61,0.61,-4.906736360607861
100% Corpus,5,0.61,0.9099999999999999,-4.883235021734713
100% Corpus,5,0.61,symmetric,-4.721869675927364
100% Corpus,5,0.9099999999999999,0.01,-4.747799336057048
100% Corpus,5,0.9099999999999999,0.31,-4.9046046729485155
100% Corpus,5,0.9099999999999999,0.61,-4.888966272578526
100% Corpus,5,0.9099999999999999,0.9099999999999999,-4.767247093747737
100% Corpus,5,0.9099999999999999,symmetric,-4.727352921989352
100% Corpus,5,symmetric,0.01,-4.974569207941981
100% Corpus,5,symmetric,0.31,-4.692762644245081
100% Corpus,5,symmetric,0.61,-4.724613667756713
100% Corpus,5,symmetric,0.9099999999999999,-4.732141310701518
100% Corpus,5,symmetric,symmetric,-4.752137951671598
100% Corpus,5,asymmetric,0.01,-4.734324837412854
100% Corpus,5,asymmetric,0.31,-4.9096053717007475
100% Corpus,5,asymmetric,0.61,-4.916908926564881
100% Corpus,5,asymmetric,0.9099999999999999,-5.030057181434875
100% Corpus,5,asymmetric,symmetric,-4.8358192214256785
100% Corpus,10,0.01,0.01,-5.84289499780215
100% Corpus,10,0.01,0.31,-5.706792051044618
100% Corpus,10,0.01,0.61,-5.431670904656658
100% Corpus,10,0.01,0.9099999999999999,-5.2858242309585535
100% Corpus,10,0.01,symmetric,-5.784327444388441
100% Corpus,10,0.31,0.01,-5.776928040651255
100% Corpus,10,0.31,0.31,-5.668636389870441
100% Corpus,10,0.31,0.61,-5.493844825920341
100% Corpus,10,0.31,0.9099999999999999,-5.487540655980405
100% Corpus,10,0.31,symmetric,-5.649733083394139
100% Corpus,10,0.61,0.01,-5.704272818113106
100% Corpus,10,0.61,0.31,-5.798639237167457
100% Corpus,10,0.61,0.61,-5.7500998395700815
100% Corpus,10,0.61,0.9099999999999999,-5.653762552401501
100% Corpus,10,0.61,symmetric,-5.708580143861518
100% Corpus,10,0.9099999999999999,0.01,-5.61480022480919
100% Corpus,10,0.9099999999999999,0.31,-5.696730777971888
100% Corpus,10,0.9099999999999999,0.61,-5.684887208906809
100% Corpus,10,0.9099999999999999,0.9099999999999999,-5.779947363520296
100% Corpus,10,0.9099999999999999,symmetric,-5.728992473918326
100% Corpus,10,symmetric,0.01,-5.822168721054657
100% Corpus,10,symmetric,0.31,-5.520674864977613
100% Corpus,10,symmetric,0.61,-5.7917675018822115
100% Corpus,10,symmetric,0.9099999999999999,-5.451481824602437
100% Corpus,10,symmetric,symmetric,-5.820375477782433
100% Corpus,10,asymmetric,0.01,-5.928077957809642
100% Corpus,10,asymmetric,0.31,-5.55098435696977
100% Corpus,10,asymmetric,0.61,-5.371406806410542
100% Corpus,10,asymmetric,0.9099999999999999,-5.272694816944411
100% Corpus,10,asymmetric,symmetric,-5.7237850089287985
100% Corpus,15,0.01,0.01,-5.605743453936282
100% Corpus,15,0.01,0.31,-5.693270871383905
100% Corpus,15,0.01,0.61,-5.685463890982598
100% Corpus,15,0.01,0.9099999999999999,-5.696459689480677
100% Corpus,15,0.01,symmetric,-5.754704147432067
100% Corpus,15,0.31,0.01,-6.033742273106449
100% Corpus,15,0.31,0.31,-5.9421496318307145
100% Corpus,15,0.31,0.61,-5.811698819022753
100% Corpus,15,0.31,0.9099999999999999,-5.598081789213186
100% Corpus,15,0.31,symmetric,-5.865691403870433
100% Corpus,15,0.61,0.01,-6.2978033599778485
100% Corpus,15,0.61,0.31,-5.924078962254644
100% Corpus,15,0.61,0.61,-5.775614804287357
100% Corpus,15,0.61,0.9099999999999999,-5.894685457860083
100% Corpus,15,0.61,symmetric,-6.203049617586346
100% Corpus,15,0.9099999999999999,0.01,-6.045574278468081
100% Corpus,15,0.9099999999999999,0.31,-5.8016509015466955
100% Corpus,15,0.9099999999999999,0.61,-6.063447801919969
100% Corpus,15,0.9099999999999999,0.9099999999999999,-5.944106104749695
100% Corpus,15,0.9099999999999999,symmetric,-6.021339122788299
100% Corpus,15,symmetric,0.01,-5.855768370300271
100% Corpus,15,symmetric,0.31,-5.657604846269737
100% Corpus,15,symmetric,0.61,-5.5938096221068685
100% Corpus,15,symmetric,0.9099999999999999,-5.682217952082713
100% Corpus,15,symmetric,symmetric,-5.88752698777081
100% Corpus,15,asymmetric,0.01,-5.950542666649313
100% Corpus,15,asymmetric,0.31,-5.938360131061555
100% Corpus,15,asymmetric,0.61,-5.642030561543427
100% Corpus,15,asymmetric,0.9099999999999999,-5.542310376039629
100% Corpus,15,asymmetric,symmetric,-5.957442789317498
100% Corpus,20,0.01,0.01,-6.123825932854347
100% Corpus,20,0.01,0.31,-6.254566245705833
100% Corpus,20,0.01,0.61,-6.308257652496867
100% Corpus,20,0.01,0.9099999999999999,-6.299333715481862
100% Corpus,20,0.01,symmetric,-6.192672743261566
100% Corpus,20,0.31,0.01,-6.326563286057392
100% Corpus,20,0.31,0.31,-6.296790141080848
100% Corpus,20,0.31,0.61,-6.29225189414703
100% Corpus,20,0.31,0.9099999999999999,-6.18704320980156
100% Corpus,20,0.31,symmetric,-6.330726284033671
100% Corpus,20,0.61,0.01,-6.492296102863006
100% Corpus,20,0.61,0.31,-6.243373320066863
100% Corpus,20,0.61,0.61,-6.173461232640361
100% Corpus,20,0.61,0.9099999999999999,-6.217089255608465
100% Corpus,20,0.61,symmetric,-6.495717515606688
100% Corpus,20,0.9099999999999999,0.01,-6.744124146509475
100% Corpus,20,0.9099999999999999,0.31,-6.3644179294053975
100% Corpus,20,0.9099999999999999,0.61,-5.976020347198745
100% Corpus,20,0.9099999999999999,0.9099999999999999,-5.742329344289346
100% Corpus,20,0.9099999999999999,symmetric,-6.684571868686762
100% Corpus,20,symmetric,0.01,-6.042725351707898
100% Corpus,20,symmetric,0.31,-6.281650595086
100% Corpus,20,symmetric,0.61,-6.223866124803151
100% Corpus,20,symmetric,0.9099999999999999,-6.385501076141927
100% Corpus,20,symmetric,symmetric,-6.109122389274097
100% Corpus,20,asymmetric,0.01,-6.225379842446855
100% Corpus,20,asymmetric,0.31,-6.180635732274485
100% Corpus,20,asymmetric,0.61,-5.953123461406646
100% Corpus,20,asymmetric,0.9099999999999999,-6.081245828002059
100% Corpus,20,asymmetric,symmetric,-6.264404391092418
100% Corpus,25,0.01,0.01,-5.926254196533872
100% Corpus,25,0.01,0.31,-6.092767033537786
100% Corpus,25,0.01,0.61,-5.9008523957759085
100% Corpus,25,0.01,0.9099999999999999,-6.067889753160438
100% Corpus,25,0.01,symmetric,-5.901675301882093
100% Corpus,25,0.31,0.01,-6.083427769084247
100% Corpus,25,0.31,0.31,-6.022366650117487
100% Corpus,25,0.31,0.61,-6.073216286678737
100% Corpus,25,0.31,0.9099999999999999,-5.869164244514626
100% Corpus,25,0.31,symmetric,-6.084357388679437
100% Corpus,25,0.61,0.01,-6.5212730410366255
100% Corpus,25,0.61,0.31,-6.467581057590702
100% Corpus,25,0.61,0.61,-6.121673076572229
100% Corpus,25,0.61,0.9099999999999999,-6.142046347402837
100% Corpus,25,0.61,symmetric,-6.544581561325649
100% Corpus,25,0.9099999999999999,0.01,-6.524267248999137
100% Corpus,25,0.9099999999999999,0.31,-6.302985119928793
100% Corpus,25,0.9099999999999999,0.61,-5.900647614160756
100% Corpus,25,0.9099999999999999,0.9099999999999999,-5.4951101358606556
100% Corpus,25,0.9099999999999999,symmetric,-6.547127766108755
100% Corpus,25,symmetric,0.01,-5.822314050421447
100% Corpus,25,symmetric,0.31,-6.101244033438162
100% Corpus,25,symmetric,0.61,-6.003296829519325
100% Corpus,25,symmetric,0.9099999999999999,-6.056487562752624
100% Corpus,25,symmetric,symmetric,-5.828609290473741
100% Corpus,25,asymmetric,0.01,-6.078857993632611
100% Corpus,25,asymmetric,0.31,-5.791322846547765
100% Corpus,25,asymmetric,0.61,-5.949829268022634
100% Corpus,25,asymmetric,0.9099999999999999,-5.930051036816151
100% Corpus,25,asymmetric,symmetric,-6.011657916693317
100% Corpus,30,0.01,0.01,-6.46599815273807
100% Corpus,30,0.01,0.31,-6.272090908395664
100% Corpus,30,0.01,0.61,-6.341686479409728
100% Corpus,30,0.01,0.9099999999999999,-6.246320135573557
100% Corpus,30,0.01,symmetric,-6.514831015507002
100% Corpus,30,0.31,0.01,-6.3937421563754
100% Corpus,30,0.31,0.31,-6.550937955512649
100% Corpus,30,0.31,0.61,-6.427344677951837
100% Corpus,30,0.31,0.9099999999999999,-6.533763766579337
100% Corpus,30,0.31,symmetric,-6.378632350610101
100% Corpus,30,0.61,0.01,-6.751238260097519
100% Corpus,30,0.61,0.31,-6.4622299736961875
100% Corpus,30,0.61,0.61,-6.132900035650722
100% Corpus,30,0.61,0.9099999999999999,-6.130365006207408
100% Corpus,30,0.61,symmetric,-6.680238071757304
100% Corpus,30,0.9099999999999999,0.01,-6.898081246348585
100% Corpus,30,0.9099999999999999,0.31,-6.485119467330839
100% Corpus,30,0.9099999999999999,0.61,-5.8490267612328175
100% Corpus,30,0.9099999999999999,0.9099999999999999,-5.557063538696269
100% Corpus,30,0.9099999999999999,symmetric,-6.878250627977772
100% Corpus,30,symmetric,0.01,-6.47042065211406
100% Corpus,30,symmetric,0.31,-6.345625267175636
100% Corpus,30,symmetric,0.61,-6.238842982755544
100% Corpus,30,symmetric,0.9099999999999999,-6.165766669668331
100% Corpus,30,symmetric,symmetric,-6.341796464927149
100% Corpus,30,asymmetric,0.01,-6.521196521122001
100% Corpus,30,asymmetric,0.31,-6.446890363525586
100% Corpus,30,asymmetric,0.61,-6.356078978711124
100% Corpus,30,asymmetric,0.9099999999999999,-6.11664565415239
100% Corpus,30,asymmetric,symmetric,-6.500392485255712
100% Corpus,35,0.01,0.01,-6.418545923683326
100% Corpus,35,0.01,0.31,-6.291068886987088
100% Corpus,35,0.01,0.61,-6.202751858183666
100% Corpus,35,0.01,0.9099999999999999,-6.106595346905135
100% Corpus,35,0.01,symmetric,-6.450716229296531
100% Corpus,35,0.31,0.01,-6.630327944017672
100% Corpus,35,0.31,0.31,-6.52351627810609
100% Corpus,35,0.31,0.61,-6.3291720067105
100% Corpus,35,0.31,0.9099999999999999,-6.165041465481924
100% Corpus,35,0.31,symmetric,-6.592246819828125
100% Corpus,35,0.61,0.01,-6.7891389735403225
100% Corpus,35,0.61,0.31,-6.4224231033734736
100% Corpus,35,0.61,0.61,-6.1523807662002
100% Corpus,35,0.61,0.9099999999999999,-6.1046170088608855
100% Corpus,35,0.61,symmetric,-6.753866401602275
100% Corpus,35,0.9099999999999999,0.01,-6.776519044744385
100% Corpus,35,0.9099999999999999,0.31,-6.132616422617594
100% Corpus,35,0.9099999999999999,0.61,-5.817792307996667
100% Corpus,35,0.9099999999999999,0.9099999999999999,-5.10548429971168
100% Corpus,35,0.9099999999999999,symmetric,-6.8020490704152445
100% Corpus,35,symmetric,0.01,-6.3662730989968255
100% Corpus,35,symmetric,0.31,-6.292227586210978
100% Corpus,35,symmetric,0.61,-6.215888693156195
100% Corpus,35,symmetric,0.9099999999999999,-6.153801911408333
100% Corpus,35,symmetric,symmetric,-6.401859214929989
100% Corpus,35,asymmetric,0.01,-6.4290585604592865
100% Corpus,35,asymmetric,0.31,-6.2613874328375285
100% Corpus,35,asymmetric,0.61,-6.561105907267126
100% Corpus,35,asymmetric,0.9099999999999999,-6.496053250920165
100% Corpus,35,asymmetric,symmetric,-6.381153123089041
100% Corpus,40,0.01,0.01,-6.550603171280632
100% Corpus,40,0.01,0.31,-6.479376506605635
100% Corpus,40,0.01,0.61,-6.389159187216184
100% Corpus,40,0.01,0.9099999999999999,-6.447449932314617
100% Corpus,40,0.01,symmetric,-6.6052083472642575
100% Corpus,40,0.31,0.01,-6.603235537120978
100% Corpus,40,0.31,0.31,-6.469972933500325
100% Corpus,40,0.31,0.61,-6.419966591206051
100% Corpus,40,0.31,0.9099999999999999,-6.401284588746956
100% Corpus,40,0.31,symmetric,-6.621632982498785
100% Corpus,40,0.61,0.01,-6.78864041731039
100% Corpus,40,0.61,0.31,-6.364131586606378
100% Corpus,40,0.61,0.61,-6.112263784539303
100% Corpus,40,0.61,0.9099999999999999,-5.748284096563225
100% Corpus,40,0.61,symmetric,-6.717620460018571
100% Corpus,40,0.9099999999999999,0.01,-6.660425075540036
100% Corpus,40,0.9099999999999999,0.31,-5.930890800165699
100% Corpus,40,0.9099999999999999,0.61,-5.219238814380057
100% Corpus,40,0.9099999999999999,0.9099999999999999,-4.687017563664114
100% Corpus,40,0.9099999999999999,symmetric,-6.62738008060481
100% Corpus,40,symmetric,0.01,-6.535815901934038
100% Corpus,40,symmetric,0.31,-6.559608501300195
100% Corpus,40,symmetric,0.61,-6.280378962100519
100% Corpus,40,symmetric,0.9099999999999999,-6.462637757619566
100% Corpus,40,symmetric,symmetric,-6.495349415528281
100% Corpus,40,asymmetric,0.01,-6.5772299885216485
100% Corpus,40,asymmetric,0.31,-6.319072205222853
100% Corpus,40,asymmetric,0.61,-6.452236874969296
100% Corpus,40,asymmetric,0.9099999999999999,-6.440675184864219
100% Corpus,40,asymmetric,symmetric,-6.4874144981093425
100% Corpus,45,0.01,0.01,-6.442214281278432
100% Corpus,45,0.01,0.31,-6.42470678986005
100% Corpus,45,0.01,0.61,-6.110625908951566
100% Corpus,45,0.01,0.9099999999999999,-6.376060369632819
100% Corpus,45,0.01,symmetric,-6.410873938203461
100% Corpus,45,0.31,0.01,-6.682812643988819
100% Corpus,45,0.31,0.31,-6.467963053021647
100% Corpus,45,0.31,0.61,-6.539836540232856
100% Corpus,45,0.31,0.9099999999999999,-6.246015024887445
100% Corpus,45,0.31,symmetric,-6.684915424734667
100% Corpus,45,0.61,0.01,-6.819575122503977
100% Corpus,45,0.61,0.31,-6.2873151790151525
100% Corpus,45,0.61,0.61,-5.973702866353793
100% Corpus,45,0.61,0.9099999999999999,-5.664798446142871
100% Corpus,45,0.61,symmetric,-6.807846789479345
100% Corpus,45,0.9099999999999999,0.01,-6.6729916617272504
100% Corpus,45,0.9099999999999999,0.31,-5.8048402601130675
100% Corpus,45,0.9099999999999999,0.61,-4.867727475955448
100% Corpus,45,0.9099999999999999,0.9099999999999999,-4.330850219928457
100% Corpus,45,0.9099999999999999,symmetric,-6.61009396301363
100% Corpus,45,symmetric,0.01,-6.425832283883521
100% Corpus,45,symmetric,0.31,-6.434599736247784
100% Corpus,45,symmetric,0.61,-6.2700927747514195
100% Corpus,45,symmetric,0.9099999999999999,-6.411334995162526
100% Corpus,45,symmetric,symmetric,-6.450710417913127
100% Corpus,45,asymmetric,0.01,-6.363256635596981
100% Corpus,45,asymmetric,0.31,-6.286256056044599
100% Corpus,45,asymmetric,0.61,-6.500139872381222
100% Corpus,45,asymmetric,0.9099999999999999,-6.275394825053019
100% Corpus,45,asymmetric,symmetric,-6.416793448734436
100% Corpus,50,0.01,0.01,-6.562522376683771
100% Corpus,50,0.01,0.31,-6.324098953757626
100% Corpus,50,0.01,0.61,-6.419548075342355
100% Corpus,50,0.01,0.9099999999999999,-6.371928834463714
100% Corpus,50,0.01,symmetric,-6.57387783908378
100% Corpus,50,0.31,0.01,-6.461634346311946
100% Corpus,50,0.31,0.31,-6.548668621612096
100% Corpus,50,0.31,0.61,-6.5371656693503395
100% Corpus,50,0.31,0.9099999999999999,-6.405201064586069
100% Corpus,50,0.31,symmetric,-6.481733840630793
100% Corpus,50,0.61,0.01,-6.660190241843744
100% Corpus,50,0.61,0.31,-6.2416254356240435
100% Corpus,50,0.61,0.61,-5.651670542341317
100% Corpus,50,0.61,0.9099999999999999,-5.337353623831271
100% Corpus,50,0.61,symmetric,-6.667913049945488
100% Corpus,50,0.9099999999999999,0.01,-6.620063340687221
100% Corpus,50,0.9099999999999999,0.31,-5.243670857078148
100% Corpus,50,0.9099999999999999,0.61,-4.5377734496865125
100% Corpus,50,0.9099999999999999,0.9099999999999999,-4.1157859540184605
100% Corpus,50,0.9099999999999999,symmetric,-6.602222483850427
100% Corpus,50,symmetric,0.01,-6.573714057188962
100% Corpus,50,symmetric,0.31,-6.359464627773839
100% Corpus,50,symmetric,0.61,-6.398659201477617
100% Corpus,50,symmetric,0.9099999999999999,-6.394449509412283
100% Corpus,50,symmetric,symmetric,-6.567400331142582
100% Corpus,50,asymmetric,0.01,-6.482502989587261
100% Corpus,50,asymmetric,0.31,-6.53890771692571
100% Corpus,50,asymmetric,0.61,-6.446783924936452
100% Corpus,50,asymmetric,0.9099999999999999,-6.337879448122258
100% Corpus,50,asymmetric,symmetric,-6.512897827195438
100% Corpus,55,0.01,0.01,-6.3628230090175855
100% Corpus,55,0.01,0.31,-6.592398133432527
100% Corpus,55,0.01,0.61,-6.4671551599254045
100% Corpus,55,0.01,0.9099999999999999,-6.554698214855574
100% Corpus,55,0.01,symmetric,-6.388685419361782
100% Corpus,55,0.31,0.01,-6.5889106995210485
100% Corpus,55,0.31,0.31,-6.577620678033981
100% Corpus,55,0.31,0.61,-6.323239552574831
100% Corpus,55,0.31,0.9099999999999999,-6.280063036813667
100% Corpus,55,0.31,symmetric,-6.603813231132961
100% Corpus,55,0.61,0.01,-6.637978876062549
100% Corpus,55,0.61,0.31,-5.884736035842728
100% Corpus,55,0.61,0.61,-5.474833665271934
100% Corpus,55,0.61,0.9099999999999999,-5.238691517176503
100% Corpus,55,0.61,symmetric,-6.5472032424438105
100% Corpus,55,0.9099999999999999,0.01,-6.312664018752993
100% Corpus,55,0.9099999999999999,0.31,-5.140989904825628
100% Corpus,55,0.9099999999999999,0.61,-4.249102083139988
100% Corpus,55,0.9099999999999999,0.9099999999999999,-3.8015011589611065
100% Corpus,55,0.9099999999999999,symmetric,-6.272951959236997
100% Corpus,55,symmetric,0.01,-6.429056024260089
100% Corpus,55,symmetric,0.31,-6.599808854173407
100% Corpus,55,symmetric,0.61,-6.386263363597083
100% Corpus,55,symmetric,0.9099999999999999,-6.514329421331368
100% Corpus,55,symmetric,symmetric,-6.377525162580921
100% Corpus,55,asymmetric,0.01,-6.435630668634984
100% Corpus,55,asymmetric,0.31,-6.487723168109497
100% Corpus,55,asymmetric,0.61,-6.4872407930726315
100% Corpus,55,asymmetric,0.9099999999999999,-6.72469069762863
100% Corpus,55,asymmetric,symmetric,-6.450787037241461
100% Corpus,60,0.01,0.01,-6.647620846935571
100% Corpus,60,0.01,0.31,-6.427063830636832
100% Corpus,60,0.01,0.61,-6.277783491751459
100% Corpus,60,0.01,0.9099999999999999,-6.334903594472271
100% Corpus,60,0.01,symmetric,-6.594051433590429
100% Corpus,60,0.31,0.01,-6.436690703416721
100% Corpus,60,0.31,0.31,-6.438747225944313
100% Corpus,60,0.31,0.61,-6.488490892153743
100% Corpus,60,0.31,0.9099999999999999,-6.5735668974270425
100% Corpus,60,0.31,symmetric,-6.43290360504938
100% Corpus,60,0.61,0.01,-6.375987515297698
100% Corpus,60,0.61,0.31,-5.909424826381382
100% Corpus,60,0.61,0.61,-5.318960917560578
100% Corpus,60,0.61,0.9099999999999999,-4.979761089144849
100% Corpus,60,0.61,symmetric,-6.381835682853497
100% Corpus,60,0.9099999999999999,0.01,-6.163074953405428
100% Corpus,60,0.9099999999999999,0.31,-4.732350475151128
100% Corpus,60,0.9099999999999999,0.61,-4.1535242143968
100% Corpus,60,0.9099999999999999,0.9099999999999999,-3.608403790689167
100% Corpus,60,0.9099999999999999,symmetric,-6.151464065076449
100% Corpus,60,symmetric,0.01,-6.570874749352878
100% Corpus,60,symmetric,0.31,-6.458370207269211
100% Corpus,60,symmetric,0.61,-6.343256559629706
100% Corpus,60,symmetric,0.9099999999999999,-6.364254794811586
100% Corpus,60,symmetric,symmetric,-6.599827267129139
100% Corpus,60,asymmetric,0.01,-6.5728261721334285
100% Corpus,60,asymmetric,0.31,-6.4421103630452565
100% Corpus,60,asymmetric,0.61,-6.266710659563435
100% Corpus,60,asymmetric,0.9099999999999999,-6.412603732768892
100% Corpus,60,asymmetric,symmetric,-6.564490266110672
100% Corpus,65,0.01,0.01,-6.442036940606011
100% Corpus,65,0.01,0.31,-6.514590487335336
100% Corpus,65,0.01,0.61,-6.495064513399764
100% Corpus,65,0.01,0.9099999999999999,-6.535559625061177
100% Corpus,65,0.01,symmetric,-6.410223345447087
100% Corpus,65,0.31,0.01,-6.602887874761954
100% Corpus,65,0.31,0.31,-6.557760688624061
100% Corpus,65,0.31,0.61,-6.365343261061809
100% Corpus,65,0.31,0.9099999999999999,-6.334261881363795
100% Corpus,65,0.31,symmetric,-6.660500024066722
100% Corpus,65,0.61,0.01,-6.3204770335361555
100% Corpus,65,0.61,0.31,-5.948333132216902
100% Corpus,65,0.61,0.61,-5.207476439707897
100% Corpus,65,0.61,0.9099999999999999,-4.894342988066829
100% Corpus,65,0.61,symmetric,-6.325807589225592
100% Corpus,65,0.9099999999999999,0.01,-5.875446254987067
100% Corpus,65,0.9099999999999999,0.31,-4.503023966905419
100% Corpus,65,0.9099999999999999,0.61,-3.943348560683817
100% Corpus,65,0.9099999999999999,0.9099999999999999,-3.5636672549688906
100% Corpus,65,0.9099999999999999,symmetric,-5.888940458469943
100% Corpus,65,symmetric,0.01,-6.4374310188329416
100% Corpus,65,symmetric,0.31,-6.505746858648605
100% Corpus,65,symmetric,0.61,-6.493900388486372
100% Corpus,65,symmetric,0.9099999999999999,-6.624787825887404
100% Corpus,65,symmetric,symmetric,-6.444208200201914
100% Corpus,65,asymmetric,0.01,-6.69394331274499
100% Corpus,65,asymmetric,0.31,-6.506436284648599
100% Corpus,65,asymmetric,0.61,-6.469250907973736
100% Corpus,65,asymmetric,0.9099999999999999,-6.551618933120514
100% Corpus,65,asymmetric,symmetric,-6.651564160358022
100% Corpus,70,0.01,0.01,-6.3105419137418295
100% Corpus,70,0.01,0.31,-6.4266915949190535
100% Corpus,70,0.01,0.61,-6.653809118366684
100% Corpus,70,0.01,0.9099999999999999,-6.896843761936792
100% Corpus,70,0.01,symmetric,-6.295703804981301
100% Corpus,70,0.31,0.01,-6.2343508136239505
100% Corpus,70,0.31,0.31,-6.1548096340453196
100% Corpus,70,0.31,0.61,-6.301173319800993
100% Corpus,70,0.31,0.9099999999999999,-6.292176259739028
100% Corpus,70,0.31,symmetric,-6.256660860453224
100% Corpus,70,0.61,0.01,-6.14992845835763
100% Corpus,70,0.61,0.31,-5.578509140443915
100% Corpus,70,0.61,0.61,-5.145115343879551
100% Corpus,70,0.61,0.9099999999999999,-4.672223560257035
100% Corpus,70,0.61,symmetric,-6.152592147360239
100% Corpus,70,0.9099999999999999,0.01,-5.83507291063476
100% Corpus,70,0.9099999999999999,0.31,-4.446659462609185
100% Corpus,70,0.9099999999999999,0.61,-3.7441647527514275
100% Corpus,70,0.9099999999999999,0.9099999999999999,-3.4874011617756575
100% Corpus,70,0.9099999999999999,symmetric,-5.811475188194232
100% Corpus,70,symmetric,0.01,-6.298434714541402
100% Corpus,70,symmetric,0.31,-6.463951025520939
100% Corpus,70,symmetric,0.61,-6.626491930780586
100% Corpus,70,symmetric,0.9099999999999999,-6.82042008880957
100% Corpus,70,symmetric,symmetric,-6.313797023064621
100% Corpus,70,asymmetric,0.01,-6.316516033680827
100% Corpus,70,asymmetric,0.31,-6.308604467573834
100% Corpus,70,asymmetric,0.61,-6.538409921740431
100% Corpus,70,asymmetric,0.9099999999999999,-6.701627483291652
100% Corpus,70,asymmetric,symmetric,-6.333925320719954
100% Corpus,75,0.01,0.01,-6.357056301270453
100% Corpus,75,0.01,0.31,-6.545797062476903
100% Corpus,75,0.01,0.61,-6.518826627196946
100% Corpus,75,0.01,0.9099999999999999,-6.53157951946004
100% Corpus,75,0.01,symmetric,-6.398716586456599
100% Corpus,75,0.31,0.01,-6.338524998475413
100% Corpus,75,0.31,0.31,-6.408543809763468
100% Corpus,75,0.31,0.61,-6.462131433239789
100% Corpus,75,0.31,0.9099999999999999,-6.593136988487862
100% Corpus,75,0.31,symmetric,-6.341252990335608
100% Corpus,75,0.61,0.01,-6.047760997864072
100% Corpus,75,0.61,0.31,-5.39789139335273
100% Corpus,75,0.61,0.61,-4.894952064518821
100% Corpus,75,0.61,0.9099999999999999,-4.424675037985503
100% Corpus,75,0.61,symmetric,-6.071045221273838
100% Corpus,75,0.9099999999999999,0.01,-5.7298744727656405
100% Corpus,75,0.9099999999999999,0.31,-4.266403091398752
100% Corpus,75,0.9099999999999999,0.61,-3.543718873141698
100% Corpus,75,0.9099999999999999,0.9099999999999999,-3.4114324411730905
100% Corpus,75,0.9099999999999999,symmetric,-5.764708967621158
100% Corpus,75,symmetric,0.01,-6.440147585571731
100% Corpus,75,symmetric,0.31,-6.540731802088572
100% Corpus,75,symmetric,0.61,-6.515674167188325
100% Corpus,75,symmetric,0.9099999999999999,-6.58410787856409
100% Corpus,75,symmetric,symmetric,-6.389926803336292
100% Corpus,75,asymmetric,0.01,-6.414037554831801
100% Corpus,75,asymmetric,0.31,-6.695458159699098
100% Corpus,75,asymmetric,0.61,-6.6176191592760185
100% Corpus,75,asymmetric,0.9099999999999999,-6.545146423569324
100% Corpus,75,asymmetric,symmetric,-6.495731169206886
100% Corpus,80,0.01,0.01,-6.259762571039211
100% Corpus,80,0.01,0.31,-6.477172450038415
100% Corpus,80,0.01,0.61,-6.615708087702634
100% Corpus,80,0.01,0.9099999999999999,-6.556078052343009
100% Corpus,80,0.01,symmetric,-6.272494415188296
100% Corpus,80,0.31,0.01,-6.419699373414026
100% Corpus,80,0.31,0.31,-6.331084617108684
100% Corpus,80,0.31,0.61,-6.206241240363783
100% Corpus,80,0.31,0.9099999999999999,-6.0114697474656165
100% Corpus,80,0.31,symmetric,-6.447640842281754
100% Corpus,80,0.61,0.01,-6.024614215777598
100% Corpus,80,0.61,0.31,-5.211799365786301
100% Corpus,80,0.61,0.61,-4.667480167142027
100% Corpus,80,0.61,0.9099999999999999,-4.067642319972748
100% Corpus,80,0.61,symmetric,-6.022882558309279
100% Corpus,80,0.9099999999999999,0.01,-5.740162111399803
100% Corpus,80,0.9099999999999999,0.31,-4.114533390812179
100% Corpus,80,0.9099999999999999,0.61,-3.4615934049081867
100% Corpus,80,0.9099999999999999,0.9099999999999999,-3.417837212688492
100% Corpus,80,0.9099999999999999,symmetric,-5.7000972585938126
100% Corpus,80,symmetric,0.01,-6.2420690166944315
100% Corpus,80,symmetric,0.31,-6.4612792407763
100% Corpus,80,symmetric,0.61,-6.614786211616841
100% Corpus,80,symmetric,0.9099999999999999,-6.5772500806481915
100% Corpus,80,symmetric,symmetric,-6.2635969498742705
100% Corpus,80,asymmetric,0.01,-6.361572761817792
100% Corpus,80,asymmetric,0.31,-6.564262432900252
100% Corpus,80,asymmetric,0.61,-6.549992593862902
100% Corpus,80,asymmetric,0.9099999999999999,-6.615549605160697
100% Corpus,80,asymmetric,symmetric,-6.344733835123096
100% Corpus,85,0.01,0.01,-6.5350831009923604
100% Corpus,85,0.01,0.31,-6.481508530603149
100% Corpus,85,0.01,0.61,-6.531160643260925
100% Corpus,85,0.01,0.9099999999999999,-6.5777714364644435
100% Corpus,85,0.01,symmetric,-6.573778719720306
100% Corpus,85,0.31,0.01,-6.396212990402582
100% Corpus,85,0.31,0.31,-6.356516405436664
100% Corpus,85,0.31,0.61,-6.487434131914325
100% Corpus,85,0.31,0.9099999999999999,-6.4240912598186
100% Corpus,85,0.31,symmetric,-6.404748195892916
100% Corpus,85,0.61,0.01,-5.79340771119659
100% Corpus,85,0.61,0.31,-5.051310939112023
100% Corpus,85,0.61,0.61,-4.441677653149473
100% Corpus,85,0.61,0.9099999999999999,-3.9062238882420495
100% Corpus,85,0.61,symmetric,-5.7955852772715035
100% Corpus,85,0.9099999999999999,0.01,-5.555196509287803
100% Corpus,85,0.9099999999999999,0.31,-3.989900434925716
100% Corpus,85,0.9099999999999999,0.61,-3.4860279334733777
100% Corpus,85,0.9099999999999999,0.9099999999999999,-3.3688466397260415
100% Corpus,85,0.9099999999999999,symmetric,-5.537275265713737
100% Corpus,85,symmetric,0.01,-6.530503756522873
100% Corpus,85,symmetric,0.31,-6.47907983509986
100% Corpus,85,symmetric,0.61,-6.542278010680846
100% Corpus,85,symmetric,0.9099999999999999,-6.556529276730763
100% Corpus,85,symmetric,symmetric,-6.548586707319013
100% Corpus,85,asymmetric,0.01,-6.596265393740448
100% Corpus,85,asymmetric,0.31,-6.569058101608183
100% Corpus,85,asymmetric,0.61,-6.434668055670683
100% Corpus,85,asymmetric,0.9099999999999999,-6.512075801591386
100% Corpus,85,asymmetric,symmetric,-6.617889717847646
100% Corpus,90,0.01,0.01,-6.605584609983243
100% Corpus,90,0.01,0.31,-6.568127001070823
100% Corpus,90,0.01,0.61,-6.753172709788036
100% Corpus,90,0.01,0.9099999999999999,-6.63117539130694
100% Corpus,90,0.01,symmetric,-6.56819289547468
100% Corpus,90,0.31,0.01,-6.419676615749107
100% Corpus,90,0.31,0.31,-6.333261714967621
100% Corpus,90,0.31,0.61,-6.2598300685881
100% Corpus,90,0.31,0.9099999999999999,-6.255867141752809
100% Corpus,90,0.31,symmetric,-6.422843253674746
100% Corpus,90,0.61,0.01,-5.643726573588643
100% Corpus,90,0.61,0.31,-4.849542217713438
100% Corpus,90,0.61,0.61,-4.290258778509821
100% Corpus,90,0.61,0.9099999999999999,-3.8089774356175976
100% Corpus,90,0.61,symmetric,-5.658604785606828
100% Corpus,90,0.9099999999999999,0.01,-5.620980256308944
100% Corpus,90,0.9099999999999999,0.31,-3.933680782367436
100% Corpus,90,0.9099999999999999,0.61,-3.497376115260292
100% Corpus,90,0.9099999999999999,0.9099999999999999,-3.367722858041176
100% Corpus,90,0.9099999999999999,symmetric,-5.605544172893656
100% Corpus,90,symmetric,0.01,-6.602941019083235
100% Corpus,90,symmetric,0.31,-6.5765065701284495
100% Corpus,90,symmetric,0.61,-6.747668519962359
100% Corpus,90,symmetric,0.9099999999999999,-6.619004843968433
100% Corpus,90,symmetric,symmetric,-6.6026057997329985
100% Corpus,90,asymmetric,0.01,-6.397559387490033
100% Corpus,90,asymmetric,0.31,-6.560635140083638
100% Corpus,90,asymmetric,0.61,-6.676684916643404
100% Corpus,90,asymmetric,0.9099999999999999,-6.62704852578377
100% Corpus,90,asymmetric,symmetric,-6.456724942189633
100% Corpus,95,0.01,0.01,-6.628156171389908
100% Corpus,95,0.01,0.31,-6.561050010733521
100% Corpus,95,0.01,0.61,-6.656784560368995
100% Corpus,95,0.01,0.9099999999999999,-6.808731797196811
100% Corpus,95,0.01,symmetric,-6.59460702096366
100% Corpus,95,0.31,0.01,-6.514642015073197
100% Corpus,95,0.31,0.31,-6.43506779697506
100% Corpus,95,0.31,0.61,-6.396156013767525
100% Corpus,95,0.31,0.9099999999999999,-6.346659932648967
100% Corpus,95,0.31,symmetric,-6.500316419619276
100% Corpus,95,0.61,0.01,-5.421954860556164
100% Corpus,95,0.61,0.31,-4.607576624867779
100% Corpus,95,0.61,0.61,-4.085301605238758
100% Corpus,95,0.61,0.9099999999999999,-3.5157590911462133
100% Corpus,95,0.61,symmetric,-5.4043791902156935
100% Corpus,95,0.9099999999999999,0.01,-5.482320318462537
100% Corpus,95,0.9099999999999999,0.31,-3.8452749332702547
100% Corpus,95,0.9099999999999999,0.61,-3.5101115634786253
100% Corpus,95,0.9099999999999999,0.9099999999999999,-3.326200185630078
100% Corpus,95,0.9099999999999999,symmetric,-5.479939561043686
100% Corpus,95,symmetric,0.01,-6.611253902041177
100% Corpus,95,symmetric,0.31,-6.56119812543618
100% Corpus,95,symmetric,0.61,-6.642404916109296
100% Corpus,95,symmetric,0.9099999999999999,-6.812584413673919
100% Corpus,95,symmetric,symmetric,-6.59897622952351
100% Corpus,95,asymmetric,0.01,-6.474127048038543
100% Corpus,95,asymmetric,0.31,-6.5384624072965
100% Corpus,95,asymmetric,0.61,-6.673525463308032
100% Corpus,95,asymmetric,0.9099999999999999,-6.698710004941198
100% Corpus,95,asymmetric,symmetric,-6.444759090185782
100% Corpus,100,0.01,0.01,-6.401193835690657
100% Corpus,100,0.01,0.31,-6.6722884127128275
100% Corpus,100,0.01,0.61,-6.656039568558531
100% Corpus,100,0.01,0.9099999999999999,-6.609162060953506
100% Corpus,100,0.01,symmetric,-6.401816610866745
100% Corpus,100,0.31,0.01,-6.28986576007903
100% Corpus,100,0.31,0.31,-6.294568319103848
100% Corpus,100,0.31,0.61,-6.419595626333762
100% Corpus,100,0.31,0.9099999999999999,-6.485365765628128
100% Corpus,100,0.31,symmetric,-6.268472251095022
100% Corpus,100,0.61,0.01,-5.331368384855832
100% Corpus,100,0.61,0.31,-4.464366744415109
100% Corpus,100,0.61,0.61,-4.0073033716719015
100% Corpus,100,0.61,0.9099999999999999,-3.651551517610351
100% Corpus,100,0.61,symmetric,-5.333887153556961
100% Corpus,100,0.9099999999999999,0.01,-5.439650208660275
100% Corpus,100,0.9099999999999999,0.31,-3.7730584416991486
100% Corpus,100,0.9099999999999999,0.61,-3.4614641140937903
100% Corpus,100,0.9099999999999999,0.9099999999999999,-3.2819690926804204
100% Corpus,100,0.9099999999999999,symmetric,-5.443234798859056
100% Corpus,100,symmetric,0.01,-6.4162167207561795
100% Corpus,100,symmetric,0.31,-6.661784764109832
100% Corpus,100,symmetric,0.61,-6.637585302888428
100% Corpus,100,symmetric,0.9099999999999999,-6.610243512080854
100% Corpus,100,symmetric,symmetric,-6.424039003905042
100% Corpus,100,asymmetric,0.01,-6.418629121977685
100% Corpus,100,asymmetric,0.31,-6.5369307007842465
100% Corpus,100,asymmetric,0.61,-6.561257349215393
100% Corpus,100,asymmetric,0.9099999999999999,-6.609687783199722
100% Corpus,100,asymmetric,symmetric,-6.432505913495017
